"local";"datahora";"casos_acum";"obitos_acum";"semana_epidem"
"Brasil";2020-02-23;2;0;"2020-09"
"Brasil";2020-03-01;19;0;"2020-10"
"Brasil";2020-03-08;121;0;"2020-11"
"Brasil";2020-03-15;1128;18;"2020-12"
"Brasil";2020-03-22;3903;114;"2020-13"
"Brasil";2020-03-29;10278;432;"2020-14"
"Brasil";2020-04-05;20727;1124;"2020-15"
"Brasil";2020-04-12;36599;2347;"2020-16"
"Brasil";2020-04-19;58509;4016;"2020-17"
"Brasil";2020-04-26;96396;6724;"2020-18"
"Brasil";2020-05-03;155939;10627;"2020-19"
"Brasil";2020-05-10;233142;15633;"2020-20"
"Brasil";2020-05-17;347398;22013;"2020-21"
"Brasil";2020-05-24;498440;28834;"2020-22"
"Brasil";2020-05-31;672846;35930;"2020-23"
"Brasil";2020-06-07;850514;42720;"2020-24"
"Brasil";2020-06-14;1067579;49976;"2020-25"
"Brasil";2020-06-21;1313667;57070;"2020-26"
"Brasil";2020-06-28;1577004;64265;"2020-27"
"Brasil";2020-07-05;1839850;71469;"2020-28"
"Brasil";2020-07-12;2075124;78735;"2020-29"
"Brasil";2020-07-19;2394513;86449;"2020-30"
"Brasil";2020-07-26;2707877;93563;"2020-31"
"Brasil";2020-08-02;3012412;100477;"2020-32"
"Brasil";2020-08-09;3317096;107232;"2020-33"
"Brasil";2020-08-16;3582362;114250;"2020-34"
"Brasil";2020-08-23;3844807;120452;"2020-35"
"Brasil";2020-08-30;4113969;126069;"2020-36"
"Brasil";2020-09-06;4315687;131210;"2020-37"
"Brasil";2020-09-13;4528240;136240;"2020-38"
"Brasil";2020-09-20;4717991;141406;"2020-39"
"Brasil";2020-09-27;4906760;145985;"2020-40"
"Brasil";2020-10-04;5082637;150198;"2020-41"
"Brasil";2020-10-11;5224362;153675;"2020-42"
"Brasil";2020-10-18;5380635;156903;"2020-43"
"Brasil";2020-10-25;5535460;159883;"2020-44"
"Brasil";2020-11-01;5653561;162269;"2020-45"
"Brasil";2020-11-08;5848959;165658;"2020-46"
"Brasil";2020-11-15;6052786;168989;"2020-47"
"Brasil";2020-11-22;6290272;172561;"2020-48"
"Brasil";2020-11-29;6577177;176628;"2020-49"
"Brasil";2020-12-06;6880127;181123;"2020-50"
"Brasil";2020-12-13;7200708;186205;"2020-51"
"Brasil";2020-12-20;7465806;190795;"2020-52"
"Brasil";2020-12-27;7716405;195725;"2020-53"
"Brasil";2021-01-03;8075998;202631;"2021-01"
"Brasil";2021-01-10;8455059;209296;"2021-02"
"Brasil";2021-01-17;8816254;216445;"2021-03"
"Brasil";2021-01-24;9176975;223945;"2021-04"
"Brasil";2021-01-31;9497795;231012;"2021-05"
"Brasil";2021-02-07;9809754;238532;"2021-06"
"Brasil";2021-02-14;10139148;245977;"2021-07"
"Brasil";2021-02-21;10517232;254221;"2021-08"
"Brasil";2021-02-28;10938836;264325;"2021-09"
"Brasil";2021-03-07;11438935;277091;"2021-10"
"Brasil";2021-03-14;11950459;292752;"2021-11"
"Brasil";2021-03-21;12490362;310550;"2021-12"
"Brasil";2021-03-28;12953597;330193;"2021-13"
"Brasil";2021-04-04;13445006;351334;"2021-14"
"Brasil";2021-04-11;13900091;371678;"2021-15"
"Brasil";2021-04-18;14308215;389492;"2021-16"
"Brasil";2021-04-25;14725975;406437;"2021-17"
"Brasil";2021-05-02;15145879;421316;"2021-18"
"Brasil";2021-05-09;15586534;434715;"2021-19"
"Brasil";2021-05-16;16047439;448208;"2021-20"
"Brasil";2021-05-23;16471600;461057;"2021-21"
"Brasil";2021-05-30;16907425;472531;"2021-22"
"Brasil";2021-06-06;17374818;486272;"2021-23"
"Brasil";2021-06-13;17883750;500800;"2021-24"
"Brasil";2021-06-20;18386894;512735;"2021-25"
"Brasil";2021-06-27;18742025;523587;"2021-26"
"Brasil";2021-07-04;19069003;532893;"2021-27"
"Brasil";2021-07-11;19342448;541266;"2021-28"
"Brasil";2021-07-18;19670534;549448;"2021-29"
"Brasil";2021-07-25;19917855;556370;"2021-30"
"Brasil";2021-08-01;20151779;562752;"2021-31"
"Brasil";2021-08-08;20350142;568788;"2021-32"
"Brasil";2021-08-15;20556487;574209;"2021-33"
"Brasil";2021-08-22;20728605;579010;"2021-34"
"Brasil";2021-08-29;20877864;583362;"2021-35"
"Brasil";2021-09-05;20989164;586558;"2021-36"
"Brasil";2021-09-12;21230325;590508;"2021-37"
"Brasil";2021-09-19;21427667;590955;"2021-38"
"Brasil";2021-09-26;21459117;597723;"2021-39"
"Brasil";2021-10-03;21567181;600829;"2021-40"
"Brasil";2021-10-10;21638726;603152;"2021-41"
"Brasil";2021-10-17;21723599;605457;"2021-42"
"Brasil";2021-10-24;21804094;607694;"2021-43"
"Brasil";2021-10-31;21874324;609388;"2021-44"
"Brasil";2021-11-07;21953838;611222;"2021-45"
"Brasil";2021-11-14;22012150;612587;"2021-46"
"Brasil";2021-11-21;22076863;614186;"2021-47"
"Brasil";2021-11-28;22138247;615570;"2021-48"
"Brasil";2021-12-05;22177059;616457;"2021-49"
"Brasil";2021-12-12;22204941;616457;"2021-50"
"Brasil";2021-12-19;22238369;616733;"2021-51"
"Brasil";2021-12-26;22295621;619105;"2021-52"
"Brasil";2022-01-02;22499525;619937;"2022-01"
"Brasil";2022-01-09;22975723;620971;"2022-02"
"Brasil";2022-01-16;23909175;622801;"2022-03"
"Brasil";2022-01-23;25214622;626524;"2022-04"
"Brasil";2022-01-30;26473273;631802;"2022-05"
"Brasil";2022-02-06;27425743;638048;"2022-06"
"Brasil";2022-02-13;28167587;643880;"2022-07"
"Brasil";2022-02-20;28744050;648913;"2022-08"
"Brasil";2022-02-27;29033052;651927;"2022-09"
"Brasil";2022-03-06;29350134;654945;"2022-10"
"Brasil";2022-03-13;29617266;657102;"2022-11"
"Brasil";2022-03-20;29832179;658762;"2022-12"
"Brasil";2022-03-27;29992227;660108;"2022-13"
"Brasil";2022-04-03;30145192;661220;"2022-14"
"Brasil";2022-04-10;30250077;661938;"2022-15"
"Brasil";2022-04-17;30345654;662610;"2022-16"
"Brasil";2022-04-24;30448236;663497;"2022-17"
"Brasil";2022-05-01;30558530;664126;"2022-18"
"Brasil";2022-05-08;30682094;664872;"2022-19"
"Brasil";2022-05-15;30778607;665528;"2022-20"
"Brasil";2022-05-22;30945384;666391;"2022-21"
"Brasil";2022-05-29;31153069;666997;"2022-22"
"Brasil";2022-06-05;31445137;668074;"2022-23"
"Brasil";2022-06-12;31693502;669010;"2022-24"
"Brasil";2022-06-19;32061959;670369;"2022-25"
"Brasil";2022-06-26;32471847;671858;"2022-26"
"Brasil";2022-07-03;32874501;673554;"2022-27"
"Brasil";2022-07-10;33290266;675295;"2022-28"
"Brasil";2022-07-17;33581533;676927;"2022-29"
"Brasil";2022-07-24;33813587;678486;"2022-30"
"Brasil";2022-07-31;34011173;679939;"2022-31"
"Brasil";2022-08-07;34164891;681397;"2022-32"
"Brasil";2022-08-14;34279785;682502;"2022-33"
"Brasil";2022-08-21;34381295;683472;"2022-34"
"Brasil";2022-08-28;34467867;684354;"2022-35"
"Brasil";2022-09-04;34526148;684817;"2022-36"
"Brasil";2022-09-11;34582063;685334;"2022-37"
"Brasil";2022-09-18;34630994;685782;"2022-38"
"Brasil";2022-09-25;34678510;686254;"2022-39"
"Brasil";2022-10-02;34719025;686842;"2022-40"
"Brasil";2022-10-09;34748678;687153;"2022-41"
"Brasil";2022-10-16;34782150;687566;"2022-42"
"Brasil";2022-10-23;34824069;688091;"2022-43"
"Brasil";2022-10-30;34850373;688342;"2022-44"
"Brasil";2022-11-06;34911937;688654;"2022-45"
"Brasil";2022-11-13;35007209;688917;"2022-46"
"Brasil";2022-11-20;35163004;689468;"2022-47"
"Brasil";2022-11-27;35361773;690109;"2022-48"
"Brasil";2022-12-04;35570761;690747;"2022-49"
"Brasil";2022-12-11;35892110;691863;"2022-50"
"Brasil";2022-12-18;36124337;692743;"2022-51"
"Brasil";2022-12-25;36331281;693853;"2022-52"
"Brasil";2023-01-01;36488386;694806;"2023-01"
"Brasil";2023-01-08;36624714;695338;"2023-02"
"Brasil";2023-01-15;36717501;696254;"2023-03"
"Brasil";2023-01-22;36793778;696757;"2023-04"
"Brasil";2023-01-29;36868219;697360;"2023-05"
"Brasil";2023-02-05;36932532;697674;"2023-06"
"Brasil";2023-02-12;36987682;698047;"2023-07"
"Brasil";2023-02-19;37023465;698933;"2023-08"
"Brasil";2023-02-26;37085520;699310;"2023-09"
"Brasil";2023-03-05;37085520;699310;"2023-10"
"Brasil";2023-03-12;37145514;699634;"2023-11"
"Brasil";2023-03-19;37204677;699917;"2023-12"
"Brasil";2023-03-26;37258663;700239;"2023-13"
"Brasil";2023-04-02;37319254;700556;"2023-14"
"Brasil";2023-04-09;37358092;700811;"2023-15"
"Brasil";2023-04-16;37404232;701215;"2023-16"
"Brasil";2023-04-23;37449418;701494;"2023-17"
"Brasil";2023-04-30;37487971;701833;"2023-18"
"Brasil";2023-05-07;37511921;701833;"2023-19"
"Brasil";2023-05-14;37553337;702421;"2023-20"
"Brasil";2023-05-21;37579028;702664;"2023-21"
"Brasil";2023-05-28;37601257;702907;"2023-22"
"Brasil";2023-06-04;37625916;703291;"2023-23"
"Brasil";2023-06-11;37639324;703399;"2023-24"
"Brasil";2023-06-18;37655917;703719;"2023-25"
"Brasil";2023-06-25;37671420;703964;"2023-26"
"Brasil";2023-07-02;37682660;704159;"2023-27"
"Brasil";2023-07-09;37693506;704320;"2023-28"
"Brasil";2023-07-16;37704598;704488;"2023-29"
"Brasil";2023-07-23;37717062;704659;"2023-30"
"Brasil";2023-07-30;37728415;704794;"2023-31"
"Brasil";2023-08-06;37739057;704897;"2023-32"
"Brasil";2023-08-13;37750389;705054;"2023-33"
"Brasil";2023-08-20;37758545;705170;"2023-34"
"Brasil";2023-08-27;37771706;705289;"2023-35"
"Brasil";2023-09-03;37783855;705289;"2023-36"
"Brasil";2023-09-10;37789040;705313;"2023-37"
"Brasil";2023-09-17;37789040;705313;"2023-38"
"Brasil";2023-09-24;37796956;705775;"2023-39"
"Brasil";2023-10-01;37827912;705962;"2023-40"
"Brasil";2023-10-08;37849919;706142;"2023-41"
"Brasil";2023-10-15;37849919;706142;"2023-42"
"Brasil";2023-10-22;37858614;706276;"2023-43"
"Brasil";2023-10-29;37949944;706808;"2023-44"
"Brasil";2023-11-05;37994356;706986;"2023-45"
"Brasil";2023-11-12;38022277;707286;"2023-46"
"Brasil";2023-11-19;38022277;707286;"2023-47"
"Brasil";2023-11-26;38048773;707470;"2023-48"
"Brasil";2023-12-03;38078411;707789;"2023-49"
"Brasil";2023-12-10;38106633;708021;"2023-50"
"Brasil";2023-12-17;38130675;708237;"2023-51"
"Brasil";2023-12-24;28160672;708373;"2023-52"
"Brasil";2023-12-31;38177375;708491;"2024-01"
"Brasil";2024-01-07;38210864;708638;"2024-02"
"Brasil";2024-01-14;38230814;708739;"2024-03"
"Brasil";2024-01-21;38264864;708999;"2024-04"
"Brasil";2024-01-28;38303320;709198;"2024-05"
"Brasil";2024-02-04;38338153;709407;"2024-06"
"Brasil";2024-02-11;38374307;709601;"2024-07"
"Brasil";2024-02-18;38407327;709765;"2024-08"
"Brasil";2024-02-25;38452504;709963;"2024-09"
"Brasil";2024-03-03;38521738;710174;"2024-10"
"Brasil";2024-03-10;38592310;710427;"2024-11"
"Brasil";2024-03-17;38646183;710704;"2024-12"
"Brasil";2024-03-24;38694221;710966;"2024-13"
"Brasil";2024-03-31;38728836;711249;"2024-14"
"Brasil";2024-04-07;38743918;711380;"2024-15"
"Brasil";2024-04-14;38757972;711502;"2024-16"
"Brasil";2024-04-21;38777842;711650;"2024-17"
"Brasil";2024-04-28;38784007;711792;"2024-18"
"Brasil";2024-05-05;38791997;711964;"2024-19"
"Brasil";2024-05-12;38795966;712038;"2024-20"
"Brasil";2024-05-19;38802815;712090;"2024-21"
"Brasil";2024-05-26;38806622;712205;"2024-22"
"Brasil";2024-06-02;38815115;712258;"2024-23"
"Brasil";2024-06-09;38819822;712314;"2024-24"
"Brasil";2024-06-16;38823186;712349;"2024-25"
"Brasil";2024-06-23;38824288;712380;"2024-26"
"Brasil";2024-06-30;38828259;712502;"2024-27"
"Brasil";2024-07-07;38832913;712537;"2024-28"
"Brasil";2024-07-14;38836111;712552;"2024-29"
"Brasil";2024-07-21;38840012;712571;"2024-30"
"Brasil";2024-07-28;38846238;712720;"2024-31"
"Brasil";2024-08-04;38850161;712769;"2024-32"
"Brasil";2024-08-11;38854075;712781;"2024-33"
"Brasil";2024-08-18;38863345;712889;"2024-34"
"Brasil";2024-08-25;38867008;712957;"2024-35"
"Brasil";2024-09-01;38883865;713026;"2024-36"
"Brasil";2024-09-08;38891045;713115;"2024-37"
"Brasil";2024-09-15;38907767;713177;"2024-38"
"Brasil";2024-09-22;38915370;713205;"2024-39"
"Brasil";2024-09-29;38915370;713205;"2024-40"
"Brasil";2024-10-06;38947850;713590;"2024-41"
"Brasil";2024-10-13;38953513;713626;"2024-42"
"Brasil";2024-10-20;38968268;713795;"2024-43"
"Brasil";2024-10-27;38973832;713860;"2024-44"
"Brasil";2024-11-03;38984103;713966;"2024-45"
"Brasil";2024-11-10;38991809;714078;"2024-46"
"Brasil";2024-11-17;39008995;714127;"2024-47"
"Brasil";2024-11-24;39008995;714127;"2024-48"
"Brasil";2024-12-01;39030239;714306;"2024-49"
"Brasil";2024-12-08;39030239;714306;"2024-50"
"Brasil";2024-12-15;39050526;714379;"2024-51"
"Brasil";2024-12-22;39050526;714379;"2024-52"
"Brasil";2024-12-29;39050526;714379;"2024-53"
"Brasil";2025-01-05;39050526;714379;"2025-01"
"Brasil";2025-01-12;39113560;714535;"2025-02"
"Brasil";2025-01-19;39131257;714736;"2025-03"
"Brasil";2025-01-26;39146390;714845;"2025-04"
"Brasil";2025-02-02;39146390;714845;"2025-05"
"Brasil";2025-02-09;39159380;714959;"2025-06"
"Brasil";2025-02-16;39168245;715026;"2025-07"
"Brasil";2025-02-23;39181954;715108;"2025-08"
"Brasil";2025-03-02;39204051;715261;"2025-09"
"Brasil";2025-03-09;39210405;715295;"2025-10"
"Brasil";2025-03-16;39221872;715488;"2025-11"
"Brasil";2025-03-23;39232810;715610;"2025-12"
"Brasil";2025-03-30;39237982;715650;"2025-13"
"Brasil";2025-04-06;39241761;715689;"2025-14"
"Brasil";2025-04-13;39251076;715858;"2025-15"
"Brasil";2025-04-20;39251076;715858;"2025-16"
"Brasil";2025-04-27;39253864;716029;"2025-17"
"Brasil";2025-05-04;39256092;716075;"2025-18"
"Brasil";2025-05-11;39258562;716136;"2025-19"
"Brasil";2025-05-18;39271471;716153;"2025-20"
"Brasil";2025-05-25;39274252;716192;"2025-21"
"Brasil";2025-06-01;39276498;716216;"2025-22"
"Brasil";2025-06-01;39279090;716238;"2025-23"
"Brasil";2025-06-08;39280516;716254;"2025-24"
"Brasil";2025-06-15;39284457;716311;"2025-25"
"Brasil";2025-06-22;39286036;716346;"2025-26"
"Brasil";2025-06-29;39287312;716358;"2025-27"
"Brasil";2025-07-06;39287312;716358;"2025-28"
"Brasil";2025-07-13;39287312;716358;"2025-29"
"Brasil";2025-07-20;39291545;716478;"2025-30"
"Brasil";2025-07-27;39291545;716478;"2025-31"
"Brasil";2025-08-03;39295043;716509;"2025-32"
"Brasil";2025-08-10;39297935;716553;"2025-33"
"Brasil";2025-08-17;39300196;716569;"2025-34"
"Brasil";2025-08-24;39305436;716587;"2025-35"
"Brasil";2025-08-31;39310157;716608;"2025-36"
"Brasil";2025-09-07;39318227;716616;"2025-37"
"Brasil";2025-09-14;39318227;716616;"2025-38"
"Brasil";2025-09-21;39318227;716626;"2025-39"
"Brasil";2025-09-28;39318227;716626;"2025-40"
"Brasil";2025-10-05;39318227;716626;"2025-41"
"Brasil";2025-10-12;39318227;716626;"2025-42"
"Brasil";2025-10-19;39318227;716626;"2025-43"
"Brasil";2025-10-26;39318227;716626;"2025-44"
"Brasil";2025-11-02;39318227;716626;"2025-45"
"Brasil";2025-11-09;39318227;716626;"2025-46"
"Brasil";2025-11-16;39318227;716626;"2025-47"
